,Name,Taste,Type,Function,Effect
0,麻黄,辛、微苦、温,肺、膀胱,辛温峻品、利水、消肿,风寒表实证、胸闷、喘咳、风湿、痹痛、阴疽、痰核
1,桂枝,辛、甘、温,肺、心、膀胱,解表、散寒、止痛,风寒、感冒、诸痛症、痰饮、心悸
2,紫苏叶,辛、温,肺、脾,散寒、行气、和中、安胎,风寒、感冒、咳嗽、胸闷、妊娠、呕吐、胎动不安、腹痛
3,生姜,辛、微温,肺、胃、脾,散寒、温中、止呕、止咳,外感、风寒、呕吐、风寒、咳嗽、天南星及鱼蟹毒
4,香薷,辛、微温,肺、胃,解表、化湿、和中、利水,感冒、暑湿、发热、头痛、腹痛、吐泻、水肿、脚气、小便、不利
5,荆芥,辛、温,肺、肝,解表、透疹、止血,感冒、发热、头痛、麻疹不透、风疹、瘙痒、疮疡、初起、吐血、衄血、便血、崩漏
6,防风,辛、甘、温,膀胱、肝、脾,解表、祛风、止痛,风寒、头痛、风寒、湿痹、风疹、瘙痒、破伤风
7,羌活,辛、苦、温,膀胱、肾,祛风、散寒、除湿、止痛,风寒、感冒、寒热、头痛、风寒、湿痹、疼痛
8,白芷,辛、温,肺、脾、胃,祛风、除湿、止痛、消痈、排脓,风寒、感冒、头痛、牙痛、寒湿、带下、痈肿、疮疡、皮肤、瘙痒
9,藁本,辛、温,膀胱,祛风、散寒、除湿、止痛,外感、风寒、巅顶头痛偏头痛、风湿 肢节痹痛、寒湿、腹痛
10,苍耳子,辛、苦、温,肺,湿、止痛、止痒,风寒、头痛、湿痹、拘挛
11,辛夷,辛、温,肺、胃,散寒,头痛、感冒
12,薄荷,辛、凉,肺、肝,疏散、风热、利咽、透疹、疏肝、行气,外感、风热、头痛、咽喉、肿痛、口疮、牙痛、温病、初起、风疹、瘙痒、胸闷、胁痛
13,牛蒡子,辛、苦、寒,肺、胃,疏散、风热、利咽、透疹、解毒,风热、感冒、咳嗽、痰多、咽喉、肿痛、麻疹不透、风疹、痄腮、痈肿、疮毒
14,蝉蜕,甘、咸、凉,肺、肝,风热、利咽、透疹、明目,外感、风热、咳嗽、咽痛、麻疹不透、目赤、小儿、惊痫、破伤风
15,淡豆豉,苦、辛、微寒,肺、胃,解表、除烦,外感、发热、头痛
16,桑叶,苦、甘、寒,肝、肺,疏散、风热、清肺、润燥、平肝、明目,外感、风热、温病、初起、肺热、燥咳、头痛、头晕、目赤
17,菊花,辛、苦、甘、微寒,肺、肝,清热、平肝、明目、清热、解毒,风热、感冒、头痛、眩晕、目赤、肿痛、肿毒
18,蔓荆子,辛、苦、微寒,膀胱、肝、胃,疏散、风热,外感、风热、头痛、偏头痛、目赤、肿痛、湿痹、拘挛
19,葛根,甘、辛、平,脾、胃,透疹、生津、止泻,感冒、发热、头痛、麻疹透发不畅、烦渴、脾虚、久泻
20,柴胡,辛、苦、微寒,心包络、肝、三焦、胆,疏肝、解郁、截疟,感冒、发热、寒热、胸胁、胀痛、月经、不调、子宫脱垂、脱肛
21,升麻,辛、微甘、微寒,肺、脾、胃,透疹、清热、解毒,风热、头痛、麻疹透发不畅、发斑、肿痛、口舌生疮、咽喉、肿痛、久泻、久痢
22,浮萍,辛、寒,肺、膀胱,解表、透疹、止痒、利水、消肿,风热、发热、麻疹不透、风疹、瘙痒、证遍身、小便、不利
23,木贼,甘、苦、平,肺、肝、胆,疏散、风热、明目、止血,风热目赤肿痛、肠风、下血
24,水牛角,苦、咸、寒,心、肝,清热、凉血、解毒、定惊,温病、神昏、斑疹、吐血、衄血、小儿、惊风
25,生地黄,甘、苦、寒,心、肝、肾,清热、凉血、养阴、生津,热病邪入营血、烦渴、神昏、斑疹、血热出血、骨蒸、消渴、肠燥、便秘
26,玄参,苦、咸、寒,肺、肾,清热、凉血、解毒、软坚,入营、神昏、发斑、吐衄、骨蒸、劳热、便秘、痰核、瘰疬、痈疮、肿毒
27,牡丹皮,辛、苦、凉,心、肝、肾,清热、凉血、活血、散瘀,温病发斑吐衄、骨蒸、经闭、痛经、癥积、肿毒、跌仆、损伤
28,赤芍药,苦、微寒,肝、脾,清热、凉血、祛瘀、止痛,温病、发斑、吐血、衄血、血痢、经闭、痛经、癥瘕、腹痛、目赤、肿痛、化火胁痛、痈疮、肿毒、跌仆、损伤
29,紫草,甘、寒,心、肝,凉血、活血、解毒、透疹,血热、斑疹、吐衄、血痢、麻疹不透、湿热、黄疸、湿疹疮疡、烫伤
30,金银花,甘、寒,肺、胃、大肠,清热、解毒,外感风热温病发热、热毒、血痢、痈肿、疔疮、喉痹、多种感染性疾病
31,连翘,苦、微寒,肺、心、胆,清热、解毒、消痈、散结,丹毒、斑疹、肿毒、瘰疬、小便
32,蒲公英,苦、甘、寒,肝、胃,清热、解毒、消肿、散结、利尿、通淋,疔疮、肿毒、乳痈、瘰疬、目赤、咽痛、肺痈、肠痈、湿热、黄疸、热淋、涩痛
33,紫花地丁,苦、辛、寒,心、肝,清热、解毒、凉血、消肿,疔疮、肿毒、痈疽、丹毒、毒、黄疸、痢疾、目赤、肿痛
34,大青叶,苦、寒,心、肝、胃,清热、解毒、凉血、止血,温病热入营血、神昏、烦渴、吐衄、发斑、黄疸、丹毒、痄腮、喉痹、口疮
35,板蓝根,苦、寒,心、胃,清热、解毒、凉血、利咽,发热、咽痛、发斑、痄腮、丹毒、痈肿
36,青黛,咸、寒,肝、肺、胃,清热、解毒、凉血、消肿、定惊,发斑、血热、吐衄、痄腮、喉痹、咽喉、肿痛、肺热、咳血、小儿惊痫、肿毒
37,穿心莲,苦、寒,肺、胃、大肠、膀胱,清热、解毒、凉血、燥湿,风热、感冒、温病、初起、咽喉、肿痛、口舌生疮、肺痈、肺热、咳喘、湿热、泻痢、热淋涩痛等
38,牛黄,甘、凉,心、肝,清心、豁痰、开窍、息风、解毒,热病、神昏、中风、惊痫、抽搐、癫痫、咽喉、肿痛、口舌生疮、痈肿、疔疮
39,蚤休,苦、微寒,有小毒,清热、解毒、消肿、止痛、定惊,疔疮、痈肿、咽喉、肿痛、毒、跌仆、伤痛、惊风、抽搐
40,拳参,苦、微寒,肝、大肠,清热、解毒、凉血、止血、散结、消肿,湿热、泻痢、痈肿、瘰疬、吐衄、痔血、外伤、出血、毒
41,半边莲,辛、甘、微寒,心、肺、小肠,清热、解毒、利水、消肿,热毒、痈肿、毒、黄疸、水肿、湿热、泄泻、跌打
42,土茯苓,甘、淡、平,肝、胃,清热、除湿、解毒,湿热、淋浊、带下、痈肿、疥癣、及汞中毒所致的肢体拘挛、筋骨、疼痛
43,鱼腥草,辛、微寒,肺,清热、解毒、消痈、排脓、利水、通淋,肺痈、肺热、喘咳、泄泻、痢疾、湿热、水肿、淋证涩痛；火毒疮疡
44,射干,苦、寒,肺,清热、解毒、消痰、利咽,咽喉、肿痛、咳喘
45,山豆根,苦、寒,心、肺、大肠,清热、解毒、利咽、消肿,喉痹、咽痛、肺热、咳嗽、湿热、黄疸、痈疮、肿毒、癌肿
46,马勃,辛、平,肺,清肺、解毒、利咽、止血,风热、喉痹、咽痛、咳嗽、吐血衄血；出血
47,白头翁,苦、寒,胃、大肠,清热、解毒、凉血、燥湿,热毒、血痢、湿热、泄泻、阴痒、带下、痈肿、瘰疬、痔疮、出血、疟疾、寒热
48,鸦胆子,苦、寒,有小毒,清热、解毒、燥湿、杀虫、截疟,热毒、血痢、久泻、疟疾、寒热、阴痒、带下、赘疣
49,败酱草,辛、苦、微寒,胃、大肠、肝,清热、解毒、消痈、排脓、破血,肠痈、肺痈、痈肿、疮毒、黄疸、泄泻、痢疾、产后腹痛
50,白花蛇舌草,苦、甘、寒,肺、胃、大肠、小肠,清热、解毒、利湿、通淋,咽喉、肿痛、肺热、咳嗽、肠痈、痢疾、湿热、黄疸、热淋、水肿、小便不利；疮疖、毒
51,白蔹,苦、辛、微寒,心、胃,清热、解毒、散结、消肿、生肌、止痛,热毒、痈肿、疔疮、瘰疬、烫伤、肠风
52,漏芦,苦、寒,胃、大肠,清热、解毒、消肿、排脓、下乳、通经,热毒、疮疡、乳痈、肿痛、瘰疬、湿痹、筋脉、拘挛、疼痛、血痢、痔疮、出血
53,山慈菇,甘、微辛、寒,有小毒,清热、解毒、化痰、散结,痈疽、肿毒、恶疮、瘰疬、咽喉、肿痛、癥瘕、癌肿
54,四季青,苦、涩、寒,心、肺,清热、解毒、凉血、止血、敛疮、生肌,烫伤、外伤、出血、皮肤、溃疡、湿疹、咽喉、肿痛、泻痢、小便
55,金荞麦,酸、苦、微寒,肺、肝、脾,清热、解毒、排脓,肺痈、咳喘、咽喉、肿痛、痢疾、痈肿
56,绿豆,甘、凉,心、胃,清热、解毒、利水,烦渴、水肿、泻痢、丹毒、痈肿
57,半枝莲,辛、微苦、凉,肺、胃、肝,清热、解毒、散瘀、止血、利尿、消肿,疮疡、肿毒、肺痈、毒、跌打、伤痛、吐血、衄血、水肿、黄疸、瘰疬、癌肿
58,葎草,甘、苦、寒,肺、肾,清热、利尿、消瘀、解毒,肺热、咳嗽、小便涩痛、痢疾、湿疹、皮肤、瘙痒、痔疮、痈肿
59,千里光,甘、寒,肝、肺,清热、解毒、清肝、明目,流行性感冒、痈肿、黄疸、赤白、毒等
60,青蒿,苦、辛、寒,肝、胆、肾,清、热、截疟、退黄,阴虚、发热、骨蒸、劳热、发热、疟疾、寒热、湿热黄疸等病症的治疗
61,白薇,苦、咸、寒,胃、肝、肾,清热、凉血、利尿、通淋、解毒、疔疮,温病邪入营分、阴虚、发热、骨蒸、盗汗、产后、心烦、热淋、痈疮、肿毒
62,地骨皮,甘、寒,肺、肾,清、清肺、凉血,阴虚、内热、骨蒸、盗汗、小儿、肺热、喘咳、咯血、衄血
63,银柴胡,甘、微寒,肝、胃,退,阴虚、发热、骨蒸、劳热、小儿
64,胡黄连,苦、寒,肝、胃、大肠,退、清热、燥湿、解毒,劳热、骨蒸、小儿、湿热、泻痢、黄疸、疮疡
65,大黄,苦、寒,脾、胃、大肠、肝、心,通肠、凉血、解毒、通经,便秘、积滞、腹痛、泻痢、湿热、黄疸、血热、吐衄、目赤、肠痈、腹痛、痈肿、疔疮、瘀血、经闭、跌打、损伤、烫伤；上消化道出血
66,芒硝,咸、苦、寒,胃、大肠,通便、润燥、软坚、消肿,积滞、胀痛、大便、肠痈肿痛；乳痈、痔疮、肿痛
67,番泻叶,甘、苦、寒,大肠,通便、利水,便秘、习惯性便秘、亦可手术前清洁肠道、鼓胀
68,芦荟,苦、寒,肝、胃、大肠,清热、通便、除烦、杀虫,便秘、惊痫、抽搐、虫积
69,火麻仁,甘、平,脾、胃、大肠,润燥通便,血虚、津亏之肠燥便秘
70,郁李仁,辛、苦、甘、平,脾、大肠、小肠,润燥、利水、消肿,肠燥、便秘、腹胀、小便、不利、水肿、脚气
71,甘遂,苦、寒,有毒,泻水逐饮、消肿、散结,水肿、胀满、痰饮、喘咳、二便、不利、癫痫、痈肿、疮毒
72,京大戟,苦、辛、寒,有毒,泻水逐饮,水肿、鼓胀、痰饮、积聚、二便、不利、癫痫
73,红大戟,苦、寒,有小毒,泻水逐饮、消肿、散结,水肿、痰饮、喘咳、二便、不利、痈疮、瘰疬、痰核
74,芫花,辛、苦、温,有毒,泻水逐饮、解毒、杀虫,痰饮、喘咳、胁痛、水肿、疥癣
75,巴豆,辛、热,有大毒,逐水、杀虫,积滞、大便、水肿、鼓胀、痰饮、喘咳、喉痹、癫痫狂；恶疮、疥癣
76,牵牛子,苦、辛、寒,有毒,逐水、通便、祛痰、杀虫,水肿、鼓胀、痰饮、咳喘、二便、不利、虫积、腹痛
77,商陆,苦、寒,有毒,逐水、通便、消肿、散结,水肿、鼓胀、癥积、咳嗽痰喘；痈肿疮疡
78,千金子,辛、温,有毒,逐水、解毒、杀虫,水肿、鼓胀、二便、不利、癥积、血瘀、经闭、痈毒、毒、疥癣、赘疣
79,狼毒,苦、辛、平,有大毒,泻水逐饮、杀虫,水肿、腹胀、食、虫积、癥瘕、腹痛、咳喘、病、疥癣、赘疣
80,鸢尾,苦、辛、寒,有小毒,逐水、祛瘀、消积、解毒,风湿、痹痛、水肿、鼓胀、癥瘕、积聚、胀满、跌打、损伤、痈疮、肿毒
81,泽漆,辛、苦、微寒,有毒,利水、消肿、化痰、散结,痰饮、喘咳、疟疾；瘰疬、肿痛
82,腹水草,苦、寒,有小毒,逐水、散瘀、解毒,水肿、鼓胀、月经、不调、跌打、损伤、痈疮、肿毒、烫伤
83,威灵仙,辛、咸、温,膀胱,祛风、除湿、通络、止痛,筋脉、拘挛、不利、腰膝、冷痛
84,木防己,苦、辛、寒,膀胱、脾、肾,祛风、止痛,风湿、痹痛、水肿、脚气
85,秦艽,苦、辛、平,胃、肝、胆,祛风湿、络、清、利湿、退黄,风湿、痹痛、筋骨、拘挛、骨蒸、劳热、小儿、湿热、黄疸、小便、不利
86,豨莶草,苦、寒,肝、肾,祛风湿、通经络,风湿、痹痛、麻木、腰膝酸软无力、中风不遂、疔疮、肿毒、风疹、湿疹、皮肤、瘙痒
87,臭梧桐,苦、甘、凉,肝,祛风湿、通经络、平肝、潜阳,风湿、痹痛、肢体、麻木、不遂、头痛、眩晕
88,木瓜,酸、温,肝、脾、胃,化湿、和胃,风湿、痹痛、筋脉、拘挛、脚气、水肿、吐泻
89,络石藤,苦、微寒,心、肝、肾,祛风、通络、凉血、消肿,风湿、痹痛、筋脉、拘挛、喉痹、咽痛、痈疮、跌打、损伤
90,徐长卿,辛、温,肝、胃,祛风、止痛、利水、消肿、活血、解毒,风湿、痹痛、跌打、损伤、牙痛、胃痛、水肿、毒、癌肿、疼痛、风疹、湿疹、顽癣
91,桑枝,苦、平,肝、肺,祛风湿、通经络、消肿,风湿、痹痛、拘挛、不利、中风、水肿、脚气
92,桑寄生,苦、甘、平,肝、肾,补肝肾、强筋骨、祛风、通络、养血、安胎,腰膝、酸痛、筋骨、风湿、痹痛、肢体、下血、胎动不安
93,五加皮,辛、苦、温,肝、肾,祛风湿、强筋骨、利水、消肿,风湿、痹痛、拘挛、腰膝、小儿、水肿、脚气、跌打、肿痛
94,白花蛇,甘、咸、温,有毒,搜风、通络、定惊、止痉,风湿、痹痛、筋脉、拘挛、麻木中风、不遂、小儿惊风抽搐、破伤风、麻风、疥癣
95,海桐皮,苦、辛、平,肝、肾,祛风湿、通经络、杀虫、止痒,风湿、痹痛、腰膝、酸痛、跌打、损伤、疥癣、湿疹
96,蚕沙,甘、辛、温,肝、脾、胃,祛风、除湿、和胃,风湿、痹痛、肢体、不遂、吐泻、风疹、湿疹、皮肤、瘙痒
97,寻骨风,辛、苦、平,肝,祛风、通络、活血、止痛,风湿、痹痛、肢体、麻木、筋脉、拘挛、胃痛、牙痛、跌打、损伤
98,海风藤,辛、苦、微温,肝,祛风、除湿、通络、止痛,风湿、痹痛、腰膝、酸痛、筋脉、拘挛、不利
99,千年健,辛、苦、温,肝、肾,祛风湿、强筋骨、消肿、止痛,风湿、痹痛、腰膝酸软无力、胃痛、跌打、损伤、疮疡
100,松节,苦、辛、温,肝、肾,祛风、散寒、燥湿、活血通络止痛,风寒、湿痹、疼痛、跌打、伤痛
101,八角枫,辛、温,有大毒,祛风、除湿、散瘀、通络,风湿、痹痛、麻木、腰痛、跌打、损伤
102,马钱子,苦、寒,有毒,通络、止痛、散结、消肿,风湿、麻木、咽喉、痹痛、痈疽、肿毒、跌仆、伤痛
103,接骨木,甘、苦、平,肝、肾,祛风、除湿、活血、止痛,风湿、痹痛、跌打、出血
104,老鹳草,苦、辛、平,肝、大肠,祛风湿、通经络、清热利湿解毒,风湿、痹痛、筋骨、酸痛、麻木、跌打、损伤、湿热、泻痢、瘙痒、痈肿
105,伸筋草,苦、辛、温,肝、肾、脾,祛风、散寒、除湿、消肿、活血,风寒、湿痹、筋脉、拘挛、麻木、跌打、损伤、水肿、胀满
106,透骨草,辛、温,肝,祛风、除湿、活血,疼痛、筋骨、拘挛
107,雷公藤,苦、寒,有大毒,祛风、除湿、活血、通络、解毒,类风湿性炎、风湿性炎、肾病综合征、麻风
108,金钱白花蛇,甘、咸、温,有毒,搜风、通络、定惊、止痒,风湿、中风、不遂、小儿、惊风、破伤风、偏头痛、麻风、疥癣
109,乌梢蛇,甘、平,肝、脾,搜风、通络、止痉,风湿、麻风、破伤风、风疹、疥癣、小和麻痹后遗症
110,香加皮,辛、苦、微温,有毒,祛风湿、强筋骨、利水、消肿,风湿、痹痛、腰膝酸软无力、小儿、心悸、水肿、小便、不利
111,石南叶,辛、苦、平,有小毒,祛风湿、通经络,风湿、痹痛、酸痛、无力、偏头痛、无力、偏头痛、风疹、瘙痒
112,苍术,辛、苦、温,脾、胃,燥湿、健脾、祛风、散寒、明目,脘腹、胀满、吐泻、水肿、痰饮、风湿、痹痛、脚气、淋浊、带下、风寒、感冒
113,厚朴,苦、辛、温,脾、胃、肺、大肠,燥湿、消痰、下气,吐泻、食积、气滞、腹胀、便秘、痰饮、喘咳
114,藿香,辛、温,脾、胃、肺,化湿、辟秽、和中,脾胃、脘腹、胀满、初起、呕吐、泄泻、暑湿、发热、发热、满闷
115,佩兰,辛、平,脾、胃、肺,化湿、辟秽、解表,脘腹、痞满、呕吐、外感、暑湿、初起、寒热、胸闷、纳呆
116,砂仁,辛、温,脾、胃,化湿、行气、温中、止泻、安胎,气滞、脘腹、胀痛、脾胃、虚寒、呕吐、泄泻、妊娠、胎动不安
117,砂仁壳,微辛、温,脾、胃,化湿、行气、和胃,证、脘腹、胀满、呕吐、纳呆
118,白豆蔻,辛、温,脾、胃、肺,化湿、理气、和中、止呕,气滞、胸闷、脘腹、胀满、反胃、呕吐、噫气、呃逆
119,白蔻壳,微辛、温,脾、胃,化湿、理气、和胃,气滞轻证、脘腹、呕吐
120,草豆蔻,辛、温,脾、胃,燥湿、温中,寒湿、脘腹、冷痛、呕吐、泄泻、痞满、噎膈、反胃、痰饮、积聚
121,草果,辛、温,脾、胃,燥湿、温中、消积、祛痰、截疟,寒湿、阻滞、脘腹、冷痛、痞满、呕吐、食积、泻痢、疟疾、寒热
122,茯苓,甘、淡、平,心、脾、肺、肾,利水、健脾,水肿、痰饮、脾虚、食少、便溏、泄泻、不安、惊悸、失眠
123,猪苓,甘、淡、平,心、脾、肾,利水,小便、不利、水肿、胀满、泄泻、淋浊、带下
124,泽泻,甘、淡、寒,肾、膀胱,利水,小便、不利、水肿、胀满、泄泻、痰饮、眩晕、热淋、涩痛
125,薏苡仁,甘、淡、微寒,脾、胃、肺,利水、健脾、止泻、清热、排脓,小便、不利、水肿、脚气、湿痹、拘挛、初起以及脾虚泄泻、肺痈、肠痈
126,车前子,甘、寒,肾、膀胱、肝、肺,利水、清热、明目、化痰,小便、不利、淋浊、带下、泄泻、水肿、目赤、肿痛、咳嗽
127,车前草,甘、寒,肾、膀胱、肝,利水、清肝、明目、清热、解毒,小便淋涩疼痛、尿血、水肿、湿热、泻痢、目赤、肿痛、热毒、痈肿
128,滑石,甘、淡、寒,膀胱、胃,利尿、通淋、清热、敛疮,热淋、石淋、涩痛、暑湿、烦渴、湿热水泻；湿疹
129,川木通,淡、微苦、微寒,心、肺、膀胱,清热、利水、通经、下乳,水肿、热淋、经闭、产后
130,关木通,苦、寒,心、小肠、膀胱,利水、通淋、清心,小便、热淋、涩痛、口舌生疮、心烦、不安、产后
131,通草,甘、淡、微寒,肺、胃,清肺、利水,小便、不利、淋证、水肿、产妇
132,金钱草,甘、淡、平,肝、胆、肾、膀胱,利水通淋；清热解毒；散瘀消肿,肝胆及泌尿系结石；热淋；水肿；湿热黄疸；疮毒痈肿；毒；
133,海金沙,甘、淡、寒,膀胱、胆,利水、通淋,热淋、血淋、石淋、湿热、黄疸、胆石症
134,石韦,苦、甘、微寒,膀胱、肺,利水、通淋、清肺、止血,淋证、小便、不利、水肿、肺热、喘咳、尿血、崩漏、吐血、衄血
135,萆薢,苦、平,肾、膀胱、肝、胃,祛风湿,白浊、带下、风湿、痹痛、腰膝、疼痛、湿热、疮毒
136,茵陈蒿,苦、微寒,脾、胃、肝、胆,清热、利湿,
137,地肤子,苦、甘、寒,肾、膀胱,清热、利湿、祛风、止痒,小便、不利、涩痛、阴痒、带下、风疹、湿疹、皮肤、瘙痒
138,冬瓜皮,甘、淡、微寒,脾、肺、小肠,利水、消肿,水肿、胀满、小便、不利
139,赤小豆,甘、酸、平,心、脾、小肠,利水、消肿、解毒、排脓,水肿、脚气、淋证、黄疸、便血、热毒、痈肿
140,萹蓄,苦、寒,膀胱,清热、利水、杀虫,淋证、小便、不利、病、病；湿疹、带下、阴痒
141,瞿麦,苦、寒,心、小肠、膀胱,利水、通淋、活血、通经,热淋、血淋
142,灯心草,甘、淡、微寒,心、肺、小肠、膀胱,利水、通淋、清心、除烦,热淋、水肿、湿热、黄疸、小便、不利、心烦、小儿、喉痹
143,冬葵子,甘、寒,大肠、小肠、膀胱,利水、通淋、下乳,淋证、水肿、小便、不利、乳痈、初起、大便
144,防己,苦、寒,膀胱、肾、脾,利水、消肿、祛风、止痛,水肿、脚气、小便、不利、风湿、痹痛、湿疹、疮毒
145,蝼蛄,咸、寒,膀胱、大肠、小肠,利水、通便、解毒,二便、不利、水肿、胀满、石淋、瘰疬、痈肿、恶疮
146,蟋蟀,辛、咸、温,膀胱、小肠,利水、消肿,小便、不利、水肿、鼓胀
147,鸭跖草,甘、淡、寒,肺、胃、膀胱,清热、利湿、解毒、消肿,温病、发热、咽喉、肿痛、湿热、淋证、水肿、疔疮、痈肿、丹毒
148,杠板归,酸、苦、平,肺、膀胱、大肠、小肠,利水、消肿、清热、解毒,水肿、淋浊、湿热、泻痢、黄疸、喉痹、咽痛、瘰疬、痈肿、丹毒、湿疹
149,玉米须,甘、淡、平,肝、肾、膀胱,利水、消肿、退黄,水肿、淋证、消渴、湿热、黄疸、胆石症
150,附子,辛、大热；有毒,心、肾、脾,救逆、助阳、散寒、止痛,胸痹、心痛、虚寒、吐泻、脘腹、冷痛、阳痿、宫冷、水肿、外感、寒湿、痹痛
151,川乌头,辛、苦、热,有大毒,散寒、祛风、除湿,心腹、冷痛、寒疝、腹痛、头痛、风寒、湿痹、疼痛、麻木、手足拘挛；阴疽肿毒
152,草乌头,辛、苦、热,有大毒,散寒、止痛、搜风,心腹、冷痛、寒疝、风寒、湿痹、头痛、阴疽、瘰疬
153,干姜,辛、热,脾、胃、心、肺,温中、散寒,脘腹、冷痛、呕吐、泄泻、喘咳
154,肉桂,辛、甘、大热,肾、脾、心、肝,助阳、散寒、止痛,腰膝无力、阳痿、宫冷、不孕、心腹、冷痛、虚寒、吐泻、寒疝、痛经、阴疽
155,吴茱萸,辛、苦、热,有小毒,散寒、止痛、疏肝、降逆、止呕,头痛、寒疝、痛经、脘腹、呕吐、虚寒、泄泻、寒湿、脚气
156,花椒,辛、温,有小毒,温中、止痛、燥湿、杀虫,脘腹、冷痛、呕吐、泻痢、病；湿疹、瘙痒
157,荜茇,辛、热,胃、大肠,温中、散寒、下气、止痛,脘腹、冷痛、呕吐、呃逆、泄泻；牙痛、偏头痛
158,荜澄茄,辛、苦、温,脾、胃、肾、膀胱,温中、行气、止痛,脘腹、冷痛、呕吐、呃逆、泄泻、寒疝、腹痛、小便、不利
159,丁香,辛、温,脾、胃、肾,温中、降逆、散寒、止痛、助阳,呃逆、呕吐泄　泻、心腹、冷痛、阳痿
160,高良姜,辛、温,脾、胃,温中、散寒、行气、止痛,脘腹、冷痛、呕吐、泄泻、噎膈、反胃、寒疝、腹痛
161,小茴香,辛、温,肝、肾、脾胃,散寒、理气、止痛,寒疝、腹痛、腰痛、痛；脘腹胀痛、呕吐、泄泻
162,胡椒,辛、热,胃、大肠,温中、散寒、行气、止痛,脘腹、冷痛、不消、呕吐、泄泻
163,红豆蔻,辛、温,脾、肺,温中、散寒、行气、消食,脘腹、呕吐、泄泻、噎膈、反胃
164,山柰,辛、温,脾、胃,温中、行气、消食、止痛,脘腹、冷痛、寒湿、吐泻、跌打、伤痛、牙痛
165,九香虫,咸、温,肾、肝、胃,温中、理气、止痛,肾虚、阳痿、脘腹胀痛
166,橘皮,辛而微苦、温,脾、肺,理气、燥湿、化痰,胀满、呕吐、咳嗽、痰多
167,青皮,苦、辛、温,肝、胆、胃,疏肝、散结,胸胁、胀痛、疝气、乳痈、食积、腹痛、癥瘕、积聚
168,枳实,苦、辛、酸、微寒,脾、胃、大肠,消积、化痰,积滞、脘腹痞满胀痛、便秘、泻痢；痰阴气滞胸痞满闷、胸痹、子宫脱垂、脱肛
169,枳壳,苦、辛、酸、微寒,肺、脾、大肠,理气、消积,胸胁痞满胀痛、食积、脘腹、胀痛、呕吐、呃逆、肠风便血；、子宫脱垂、脱肛
170,佛手,辛、苦、酸、温,肝、胃,疏肝、和胃、行气、止痛、燥湿、化痰,肝胃、气滞、脘腹胀痛、痞满、呕吐、纳呆、咳嗽、痰多
171,香橼,辛、苦、酸、温,肝、脾、胃、肺,疏肝、理气、化痰,肝胃、气滞、胸胁脘腹胀痛、痞满、呕吐食少；咳嗽痰多、胸闷
172,木香,辛、苦、温,肝、脾、胃、大肠,行气、止痛、健脾、和胃,胸胁脘腹胀痛、食积、不消、食欲不振、反胃、呕吐、泻痢、胆石症
173,青木香,辛、苦、寒,肝、胃,行气、止痛、解毒、消肿,胸胁、胀痛、脘腹、疼痛、症；痈肿疔疮
174,香附,辛、微苦、微甘、平,肝、三焦,疏肝、解郁、理气、止痛,气滞、胸胁、胀痛、疝气、疼痛、胀痛、脾胃、气滞、脘腹、胀满、疼痛、月经、不调、经闭、痛经
175,乌药,辛、温,脾、肺、肾、膀胱,理气、止痛、散寒,脘腹、胀痛、寒疝、痛经；、遗尿、尿频
176,沉香,辛、苦、温,脾、胃、肾,行气、止痛、降逆、纳气,疼痛、呕吐呃逆、肾咳痰多
177,川楝子,苦、寒,有小毒,疏肝、理气、杀虫、止痛,胸胁、胀痛、脘腹、疼痛、痛经、虫积腹痛；头癣
178,薤白,辛、苦、温,肺、胃、大肠,散结、行气,胸痹、心痛、脘腹痞满胀痛、泻痢
179,檀香,辛、温,脾、胃、肺,理气、散寒、和胃、止痛,气滞、脘腹、胀痛、痞满、噎膈、呕吐、胸痹、心痛、虚寒
180,刀豆,甘、温,脾、胃、肾,温中、下气,虚寒、呃逆、呕吐、肾虚、腰痛
181,柿蒂,苦、涩、平,胃,,呃逆、噫气、反胃
182,甘松,辛、甘、温,脾、胃,理气、止痛,脾胃、气滞、脘腹、胀痛、食欲不振
183,八月札,苦、甘、寒,肝、脾、肾,疏肝、理气、活血、止痛,胸胁、疼痛、肝胃、纳呆、疝气、疼痛、肿痛、瘰疬、痰核、血瘀、经闭、痛经
184,玫瑰花,甘、微苦、温,肝、脾,理气、解郁、散瘀,胸闷、胁痛、肝胃、月经、不调、赤白、带下、乳痈
185,绿萼梅,微酸、涩、平,肝、胃,疏肝、解郁、和中、化痰,胸闷、肝胃、纳呆、烦渴、瘰疬
186,紫苏梗,辛、甘、微温,脾、胃、肺,理气、解郁、和中、安胎,肝胃、脘腹、胀痛、呕吐、胎动、不安
187,天仙藤,苦、温,肝、脾,行气、活血、化湿、消肿,脘腹、疼痛、产后腹痛肢体痹痛、妊娠、水肿
188,降香,辛、温,心、肝、脾,行气、活血、止血,胸痹、心痛、刺痛、吐血、咯血、跌打、损伤、外伤、出血
189,路路通,辛、苦、平,肝、胃、膀胱,行气、止痛、祛风、除湿、活血、通络,疼痛、脘腹胀满；风湿痹痛、拘挛麻木、跌打肿痛；水肿胀满、小便、不利、经闭、；痈疽、湿疹、疥癣
190,橘核,苦、平,肝、肾,理气、散结、止痛,疝气、疼痛、肿痛、乳痈
191,厚朴,苦、辛、温,脾、胃、大肠,下气、燥湿、消痰,脘腹痞满胀痛、不消、呕吐、泻痢、痰饮、咳喘
192,大腹皮,辛、微温,脾、胃大肠、小肠,下气、利水、消肿,气滞、脘腹、大便、水肿、脚气、小便、不利
193,山楂,酸、甘、微温,脾、胃、肝,消食、行气、散瘀,积滞、胀满、泻痢、腹痛、瘀血、经闭、产后、心腹、刺痛、胸痹、心痛、疝气、疼痛
194,神曲,辛、甘、温,脾、胃,健脾、和胃、消食,脘腹、胀满、泄泻、痢疾
195,麦芽,甘、平,脾、胃,消食、和中,食积、不消、腹胀、呕吐、泄泻
196,谷芽,甘、微温,脾、胃,消食、和中、健脾,脾虚、腹胀、泄泻、食欲不振
197,莱菔子,辛、甘、平,脾、胃、肺,消食、化痰,食积、气滞、脘腹、胀痛、泻痢、便秘、咳喘
198,鸡内金,甘、平,脾、胃、膀胱,健脾、消食、涩精,食积、不消、脘腹、胀满、呕吐、泻痢、小儿、疳积、遗精、遗尿、胆道及尿路结石
199,阿魏,苦、辛、温,脾、胃、肝,消积、杀虫,积滞、小儿、疳积、虫积、腹痛
200,使君子,甘、温,脾、胃,消积、健脾,病、虫积、腹痛、小儿、疳积
201,苦楝皮,苦、寒；有毒,肝、脾、胃,杀虫、清热、燥湿,病、病
202,槟榔,辛、苦、温,胃、大肠,杀虫、消积、行气、利水,绦虫病、病、虫积、腹痛、积滞、泻痢、水肿、脚气、疟疾
203,南瓜子,甘、平,胃、大肠,,绦虫病、病
204,鹤草芽,苦、涩、凉,大肠,杀虫,绦虫病、阴道滴虫病
205,雷丸,苦、寒,胃、大肠,杀虫,绦虫病、病
206,鹤虱,苦、辛、平；有小毒,脾、胃,杀虫,绦虫等多种肠道寄生虫病
207,榧子,甘、平,肺、胃、大肠,杀虫、消积、润燥,病
208,芜荑,辛、苦、温,脾、胃,杀虫,病、绦虫病、小儿疳积；疥癣、恶疮
209,贯众,苦、微寒；有小毒,肝、胃,杀虫、清热、解毒、止血,血热
210,小蓟,甘、凉,心、肝,凉血、止血、散瘀,血热、衄血、咯血、吐血、尿血、血淋、便血、崩漏、下血、外伤、出血
211,大蓟,甘、苦、凉,心、肝,凉血、止血、散瘀、消痈,血热、吐血、衄血、尿血、便血、崩漏、下血、外伤、出血、痈肿、疮毒
212,地榆,苦、酸、微寒,肝、大肠,凉血、止血、解毒、敛疮,便血、痔血、血痢、崩漏、吐血、衄血、烫伤、湿疹、痈肿、疮毒
213,槐花,苦、微寒,肝、大肠,凉血、止血、清肝,肠风、便血、痔血、血痢、崩漏、吐血、衄血、目赤、头痛、眩晕
214,侧柏叶,苦、涩、寒,肺、肝、大肠,凉血、止血、祛痰、止咳,血热、吐血、衄血、咯血、尿血、便血、血痢、崩漏、下血、肺热、咳喘
215,白茅根,甘、寒,肺、胃、膀胱,凉血、止血、清热、利尿,血热、吐血、衄血、咯血、尿血、湿热、黄疸、热淋、水肿、小便、不利
216,苎麻根,甘、寒,心、肝,凉血、止血、清热、安胎、利尿,吐血、衄血、尿血、崩漏、胎动、不安
217,羊蹄,苦、寒,心、肝、大肠,凉血、止血、清热、除湿、通便、解毒、杀虫,吐血、衄血、便血、痔血、崩漏、血小板减少性、黄疸、痢疾
218,鸡冠花,甘、涩、凉,肝、大肠,凉血、止血、止带,崩漏、吐血、衄血、咳血、便血、痔血、带下、赤白、久痢
219,三七,甘、微苦、温,肝、胃,化瘀、止血、活血,出血症、咯血、吐血、衄血、便血、崩漏、外伤、出血、刺痛、肿痛、痈疽、肿痛
220,茜草,苦、寒,心、肝,凉血、止血、祛瘀、通经,血热、吐血、衄血、尿血、便血、崩漏、下血、外伤、出血、经闭、痹痛、跌仆、肿痛
221,蒲黄,甘、平,肝、心包,凉血、止血、化瘀、通淋,吐血、衄血、咯血、尿血、崩漏、外伤、出血、经闭、通经、脘腹、刺痛、跌仆、肿痛、血淋、涩痛
222,花蕊石,酸、涩、平,肝,止血、化瘀,瘀血、阻滞、咯血、吐血、衄血、崩漏、外伤、出血、跌仆、伤痛
223,卷柏,甘、平,肝,活血、祛瘀、止血,经闭、癥瘕、跌打、损伤、吐血、衄血、便血、痔血、尿血、崩漏及
224,花蕊石,酸、涩、平,肝,止血、化瘀,瘀血、阻滞、咯血、吐血、衄血、崩漏、外伤、出血、跌仆、伤痛
225,莲房,苦、涩、温,肝,止血、消瘀,崩漏、月经、便血、尿血、血淋、瘀血、腹痛
226,白芨,苦、甘、涩、微寒,肺、肝、胃,收敛、止血、消肿、生肌,损伤所致的咳血、吐血、衄血、以及出血、痈肿、疮毒、烫伤
227,仙鹤草,苦、涩、平,肺、肝、脾,收敛、止血、截疟、解毒、杀虫,咯血、吐血、衄血、尿血、崩漏、疟疾、寒热
228,紫珠,苦、涩、平,肺、肝、胃、大肠,收敛、止血、清热、解毒,吐血、咯血、衄血、出血、尿血、便血、崩漏、皮肤、外伤、出血
229,棕榈皮,苦、涩、平,肺、肝、大肠,收敛、止血,吐血、衄血、便血、崩漏、下血、外伤、出血
230,血余炭,苦、平,肝、肾,止血、消瘀、利尿,瘀血、阻滞、吐血、咯血、衄血、尿血、崩漏、下血、外伤、出血、小便、不利、血淋
231,藕节,甘、涩、平,心、肺、胃,止血、消瘀,咳血、吐血、衄血、尿血、血淋、便血、血痢、崩漏
232,刺猬皮,苦、平,胃、大肠、肾,收敛、止血、固精、缩尿、化瘀、止痛,痔血、脱肛、肠风、下血、衄血、遗精、遗尿、疼痛
233,艾叶,苦、辛、温,肝、脾、肾,止血、散寒除湿止痛、安胎,冷痛、不调、宫冷、不孕、吐血、衄血、崩漏、胎动、不安
234,炮姜,辛、苦、温,脾、肝,止血、温中、止泻,虚寒性崩漏、便血、吐血、衄血；脘腹冷痛、呕吐
235,伏龙肝,辛、温,脾、胃,温中、降逆、止呕、收敛、燥湿,吐血、衄血、便血、崩漏、呕吐、妊娠
236,延胡索,辛、苦、温,肝、脾、心,活血、散瘀、行气、止痛,气滞、血瘀、胸胁脘腹疼痛、经闭、痛经、产后、跌仆、肿痛
237,郁金,辛、苦、寒,心、肝、胆,活血、止痛、行气、解郁、清心、凉血、退黄,疼痛、月经、不调、痛经、经闭、热病、神昏、吐血、衄血、癫狂、黄疸
238,姜黄,辛、苦、温,脾、肝,破血、行气、通经、止痛,胸胁、刺痛、经闭、腹痛、癥瘕、风湿、痹痛、跌打、损伤、痈肿
239,乳香,辛、苦、温,心、肝、脾,活血、止痛、消肿、生肌,心腹肢体疼痛、痛经、产后腹痛、风湿、痹痛、跌打、伤痛、痈疽、肿痛、疮疡
240,没药,苦、辛、平,肝、心、脾,散瘀、止痛、消肿、生肌,心腹、痛经、经闭、风湿、痹痛、跌打、伤痛、痈肿、疮疡
241,五灵脂,苦、甘、温,肝,活血、止痛、化瘀、止血,胸胁、脘腹、刺痛、痛经、经闭、产后血瘀疼痛、瘀血、阻滞、崩漏；
242,石见穿,苦、辛、平,肝、胃、大肠,活血、止痛、清热、利湿、解毒、消肿,血瘀、痛经、赤白、带下、筋骨、疼痛、黄疸痢疾；面神经麻痹、痈肿、瘰疬
243,红花,辛、温,心、肝,活血、通经、散瘀、止痛,经闭、痛经、癥瘕、跌打、损伤、疮疡、肿痛、疼痛
244,桃仁,苦、甘、平,心、肝、大肠,活血、祛瘀、润肠、通便,经闭、痛经、产后腹痛、癥瘕、胸胁、疼痛、跌打、损伤、肺痈、肠痈、便秘
245,茺蔚子,辛、甘、微寒,有小毒,活血、清肝、明目,月经、不调、经闭、痛经、产后腹痛、目赤、肿痛、头痛、头晕
246,泽兰,苦、辛、微温,肝、脾,活血、化瘀、消肿,月经、不调、经闭、痛经、癥瘕、产后腹痛身面、小便、不利
247,牛膝,苦、酸、平,肝、肾,活血、通经、补肝肾、利尿、通淋,月经、不调、癥瘕、眩晕、腰膝、酸痛、小便、不利、吐血、衄血
248,鸡血藤,苦、微甘、温,肝、胃,活血,月经、不调、血虚、风湿、痹痛
249,王不留行,苦、平,肝、胃,活血、通经、下乳、消肿、利尿、通淋,经闭、痛经、乳痈、肿痛、淋证、涩痛、小便、不利
250,凌霄花,酸、寒,肝,活血、凉血、祛风,经闭、癥瘕、跌打、损伤、皮肤、瘙痒、风疹、湿疹
251,虎杖,苦、寒,肝、胆,活血、通络、利湿、退黄、清热、解毒,产后恶露不下、癥瘕、积聚、风湿、痹痛、黄疸、淋浊、带下、跌打、损伤、毒
252,红藤,苦、平,大肠、肝,活血、散瘀、清热、解毒,肠痈、乳痈、风湿、痹痛、经闭、痛经、跌仆、损伤
253,马鞭草,苦、凉,肝、脾,活血、散瘀、利水消肿截疟、解毒,经闭、痛经、癥瘕、积聚、鼓胀、淋证、脚气、黄疸、痢疾、痈肿、疮毒
254,自然铜,辛、平,肝、肾,散瘀、止痛,跌仆、损伤、筋骨、肿痛
255,苏木,甘、咸、平,心、肝,祛瘀、消肿、止痛,经闭、痛经、及刺痛、胸痹、心痛、跌仆、损伤、痈疮、肿痛
256,刘寄奴,苦、辛、微温,心、肝、脾,破血、通经、散瘀、止痛、消食,痛经、经闭、产后腹痛、跌仆、损伤、出血、痈肿、疮毒、烫伤、食积
257,水红花子,咸、微辛、微寒,肝、胃,消瘀、健脾、利湿,食少、腹胀、食积、不消、瘰疬、痰核
258,皂角刺,辛、温,肝、胃,消肿、排脓、祛风、杀虫,痈疽、肿毒、麻风、等
259,莪术,辛、苦、温,肝、脾,破血、行气、消积、止痛,癥瘕、积聚、脘腹、胀痛、不消、血瘀、经闭、产后瘀血腹痛、跌仆、伤痛
260,三棱,辛、苦、平,肝、脾,破血、行气、消积、止痛,癥瘕、血瘀、经闭、痛经、食积、胀痛、胸痹、心痛
261,水蛭,咸、苦、平,有毒,破血、通经,癥瘕、血瘀、经闭、跌打、损伤、中风
262,虻虫,苦、寒,有小毒,破血、散结,血瘀、经闭、产后恶露不尽、证、癥瘕、积聚、跌打、损伤
263,穿山甲,咸、微寒,肝、胃,通经、下乳、活血、散结、消肿、排脓、搜风、通络,经闭、癥瘕、痈肿、瘰疬、痹痛、拘挛
264,蜣螂,咸、寒,有毒,定惊、通便、攻毒,癥瘕、惊痫、噎膈、反胃、腹胀、便秘、疳积、痢疾、血淋、恶疮
265,土鳖虫,咸、寒,有小毒,破血,癥瘕、经闭、产后、跌打、损伤
266,干漆,辛、苦、温,有小毒,通经、杀虫,瘀血、阻滞、经闭、痛经、癥瘕、虫积、腹痛
267,朱砂,甘、微寒,有毒,安神、清热、解毒,心悸、失眠、多梦、癫痫、小儿、惊风、口疮、喉痹、疮疡、肿毒
268,磁石,辛、咸、寒,肝、心、肾,平肝、潜阳、安神、镇惊、明目、纳气,头晕、耳鸣、惊悸、失眠、肾虚
269,龙骨,甘、涩、微寒,心、肝,平肝、潜阳、镇惊、安神、收敛,头晕、心悸、失眠、惊痫、癫狂、自汗、盗汗、遗精、带下、崩漏、泻痢、脱肛、溃疡久不收口
270,琥珀,甘、平,心、肝、膀胱,定惊、安神、活血、散瘀、利尿、通淋,惊风、癫痫、惊悸、失眠、血淋、小便、不利、血瘀、心腹、刺痛
271,龙齿,涩、凉,心、肝,镇惊、安神、除烦,惊痫、癫狂、不安、失眠、多梦、心悸、怔忡
272,紫石英,甘、温,心、肺、肾,安神,心悸、怔忡、失眠、多梦、惊痫、肺虚、咳喘、不孕
273,云母,甘、温,心、肝、脾,安神、祛痰、止泻、止血、敛疮,心悸、失眠、不安、惊痫、眩晕、疟疾、久泻、久痢、带下、出血、痈疽、疮毒
274,珍珠,甘、咸、寒,心、肝,安神、定惊、清肝、明目、解毒、生肌,惊悸、失眠、惊风、癫痫、口疮、咽喉、肿痛、疮疡
275,蛇含石,甘、寒,心包、肝,镇惊、安神、止血,心悸、失眠、惊痫、抽搐、肠风、血痢、疼痛
276,酸枣仁,甘、涩、微寒,心、肝,平肝、潜阳、安神、收敛,心悸、怔忡、失眠健忘；多汗
277,柏子仁,甘、平,心、肾、大肠,安神、润肠、通便,失眠、心悸、怔忡、盗汗、便秘
278,合欢皮,甘、平,心、肝,安神、解郁、活血、消肿,失眠、肺痈
279,远志,苦、辛、温,心、肺,安神、祛痰、消痈、散结,不安、惊悸、失眠、健忘、多梦、疮疡、肿毒、肿痛
280,茯神,甘、淡、平,心,安神、利水,惊悸、怔忡、失眠、健忘、惊痫、眩晕、小便、不利
281,夜交藤,甘、微苦、平,心、肝,安神、祛风、通络,失眠、多梦、心悸、怔忡、血虚肢体酸痛、麻木、瘙痒
282,秫米,甘、微寒,肺、大肠,和胃安神,脾胃、虚弱、不安
283,人参,甘、微苦、微温,脾、肺,益气、健脾、生津、润肺,脾胃、虚弱、食少、病后、自汗、口渴
284,西洋参,苦、微甘、寒,心、肺、肾,养阴、清热、生津,内热、咳喘、消渴
285,党参,甘、平,脾、肺,益气、生津,脾胃、虚弱、无力、食少、口渴、久泻、脱肛
286,太子参,甘、微苦、平,脾、肺,益气、健脾、生津、润肺,脾胃、虚弱、食少、病后、自汗、口渴
287,黄芪,甘、微温,脾、肺,生肌、利水、消肿,自汗
288,白术,苦、甘、温,脾、胃,健脾、益气、燥湿、利水、安胎,脾虚食少、腹胀、泄泻、痰饮、水肿、自汗、胎动、不安
289,山药,甘、平,脾、肺、肾,生津、补肾,脾虚、食少、便溏、久泻、肺虚、喘咳、肾虚、遗精、带下、尿频、消渴
290,扁豆,甘、淡、平,脾、胃,健脾、和中、化湿,脾虚、肢体、食少、便溏、暑湿、吐泻、赤白、带下、小儿、疳积
291,甘草,甘、平,心、肺、脾、胃,益气、清热、解毒、祛痰、止咳、止痛,脾胃、虚弱、心悸、咳嗽、痰多、脘腹
292,大枣,甘、温,脾、胃,益气、养血、安神,脾虚、食少、便溏
293,刺五加,辛、微苦、温,脾、肾、心,益气、健脾、补肾、安神,食欲不振、心悸、失眠、阳痿、腰膝、酸软、风湿、痹痛
294,灵芝草,甘、微苦、平,心、脾、肺,益气、健脾、安神、止咳,虚劳、食欲不振、心悸、怔忡、失眠、健忘、肺虚咳喘；冠心病心绞痛、及症
295,当归,甘、辛、温,肝、心、脾,活血、止痛、润肠、通便,血虚、眩晕、心悸、月经、不调、经闭、痛经
296,熟地黄,甘、温,肝、肾,滋阴(尤其是肾阴)、益精,肾虚、头晕、遗精、崩漏
297,何首乌,苦甘涩、微温,肝、肾,解毒、消痈、润肠、通便,风疹、瘙痒、肠燥、便秘
298,白芍,苦、酸、微寒,肝、脾,养血、止痛、平肝,月经、不调、痛经、崩漏、胁痛、腹痛
299,阿胶,甘、平,肺、肝、肾,滋阴、润燥、止血,血虚、眩晕、心悸、心烦、咳嗽
300,龙眼肉,甘、温,心、脾,养血、安神,心悸、怔忡、健忘、失眠、血虚
301,乌骨鸡,甘、平,肝、肾,养血,虚劳、骨蒸、消渴、脾虚、滑泄、带下
302,木耳,甘、平,肝、胃、大肠,益气、凉血、止血,咯血、吐血、肠风、痔血、血痢、崩漏
303,北沙参,甘、微苦、微寒,肺、胃,养阴、清肺、益胃、生津,肺热、燥咳、劳嗽、咯血、热病、食少
304,南沙参,甘、微寒,肺、胃,养阴、清肺、化痰、止咳、益胃、生津,肺热、燥咳、阴虚、劳嗽
305,麦门冬,甘、微苦、寒,肺、肾,滋阴、润肺、益胃、生津、清心、除烦,肺痈、阴虚、劳嗽、口渴、消渴、心烦、失眠、咽喉、疼痛、肠燥、便秘、血热、吐衄
306,天冬,甘、苦、寒,肺、肾,滋阴、润燥、清肺,燥咳、阴虚、发热、劳嗽、咯血、热病、消渴、便秘
307,石斛,甘、微寒,胃、肺、肾,益胃、生津、滋阴,热病、烦渴病后、食少、咳嗽
308,玉竹,甘、微寒,肺、胃,养阴、润肺、益胃、生津,咳嗽、口渴、内热、消渴、阴虚、外感、心烦、口渴
309,黄精,甘、平,脾、肺、肾,健脾、益气、滋阴、润肺,脾胃、虚弱、食少、肺虚、燥咳、劳嗽、咳血、内热、消渴
310,百合,甘、寒,心、肺,养阴、润肺、清心、安神,阴虚、燥咳、劳嗽、咳血、惊悸、失眠、多梦
311,枸杞子,甘、平,肝、肾、肺,益精、明目,虚劳、腰膝、酸痛、眩晕、耳鸣、内热、消渴、血虚
312,桑椹,甘、寒,肝、肾,补益肝肾、养血、祛风,眩晕、失眠、耳鸣、须发早白、口渴、肠燥、便秘
313,墨旱莲,甘、酸、寒,肝、肾,凉血、止血,肝肾阴虚眩晕耳鸣、腰膝、酸软、须发早白、吐血、衄血、尿血、血痢、崩漏、下血、外伤、出血
314,女贞子,甘、苦、凉,肝、肾,补益肝肾、清热、明目,阴虚、内热、眩晕、耳鸣、腰膝、酸软、须发早白
315,龟甲,咸、甘、微寒,肝、肾、心,滋阴、潜阳、养血,阴虚、骨蒸、盗汗、头晕、筋骨、健忘、崩漏
316,鳖甲,咸、微寒,肝,滋阴、潜阳、软坚、散结,阴虚、发热、骨蒸、劳热、阴虚、头晕、经闭、癥瘕
317,明党参,甘、微苦、微寒,肺、胃,清肺、化痰、和胃、止呕、平肝、解毒,咳嗽、眩晕、呕吐、目赤、疮疡
318,楮实,甘、寒,肝、肾,明目、利水,腰膝、酸软、虚劳、骨蒸
319,蛤什蟆油,甘、咸、平,肺、肾,补肾、益精、润肺、养阴,产后、虚弱、盗汗、失眠、吐血
320,鹿茸,甘、咸、温,肝、肾,,肾虚、头晕、阳痿、遗精、腰膝、虚寒带下及
321,鹿角胶,甘、咸、温,肾、肝,益精、养血、止血,阳痿、滑精、腰膝、虚劳、崩漏、下血、便血、尿血、阴疽、肿痛
322,巴戟天,辛、甘、微温,肾、肝,强筋骨、祛风湿,阳痿、遗精、腰膝、酸软、筋骨、宫冷、不孕、月经、不调、冷痛、尿频、带下、风湿、痹痛
323,肉苁蓉,甘、咸、温,肾、大肠,润肠、通便,阳痿、不孕、腰膝、酸软、筋骨、无力、肠燥、便秘
324,仙茅,辛、热,有毒,强筋骨,阳痿、遗精、滑泄、尿频、遗尿、腰膝、酸痛、风寒、湿痹、脘腹、冷痛、食少
325,淫羊藿,辛、甘、温,肝、肾,补肾、助阳、祛风、除湿,阳痿、遗精、筋骨、风湿、痹痛、麻木、拘挛
326,胡芦巴,苦、温,肾、肝,阳,冷痛、疝气、寒湿、脚气
327,杜仲,甘、温,肝、肾,补肝肾、强筋骨、安胎,腰膝、酸痛、筋骨、无力、耳鸣、眩晕、阳痿、尿频、胎动、不安、妊娠、下血
328,续断,苦、辛、微温,肝、肾,补肝肾、脉,腰膝、酸软、筋骨、无力、遗精、崩漏、下血、风湿、痹痛、跌仆、损伤
329,狗脊,苦、甘、温,肝、肾,补肝肾、祛风湿,酸软、无力、小便、遗精、带下、风湿、痹痛
330,骨碎补,苦、温,肝、肾,补肾、止痛,肾虚、腰痛、疼痛、出血、耳鸣
331,补骨脂,辛、苦、温,肾、脾,壮阳、固精、缩尿、纳气、止泻,腰膝、冷痛、阳痿、遗精、尿频、遗尿、泄泻
332,冬虫夏草,甘、温,肺、肾,补肾、止血、化痰,肺虚咳血、肾虚阳痿
333,蛤蚧,咸、平,肺、肾,纳气、助阳、益精,劳嗽、咳血、阳痿、遗精、小便
334,胡桃仁,甘、温,肾、肺、大肠,补肾、纳气、润肠、通便,阳痿、遗精、腰膝、酸痛、劳嗽、肠燥、便秘
335,紫河车,甘、咸、温,肺、肝、肾,养血、益精,咳血、劳热、骨蒸、遗精
336,菟丝子,辛、甘、微温,肝、肾,补肾、固精、明目、健脾、止泻,腰膝、酸软、阳痿、遗精、尿频、胎动、不安、耳鸣、便溏、消渴
337,沙苑子,甘、温,肝、肾,补肾、固精、明目,肾虚、腰痛、遗精、滑泄、白浊、带下、小便、眩晕
338,锁阳,甘、温,肝、肾、大肠,补肾、壮阳、润肠、通便,阳痿、滑精、不孕、腰膝、肠燥、便秘
339,海狗肾,咸、热,肾,壮阳、益精,阳痿、腰膝、癥瘕、心腹、冷痛
340,韭子,辛、甘、温,肝、肾,补肝肾、壮阳、固精,阳痿、遗精、尿频、遗尿、腰膝
341,阳起石,咸、温,肾,,虚寒、腰膝、阳痿、遗精、宫冷、不孕、带下、癥瘕
342,雪莲花,甘、微苦、温,肝、脾、肾,补肾、壮阳、止血,肾虚、阳痿、腰膝、月经、不调、崩漏、带下、风湿、痹痛、外伤、出血
343,海龙,甘、咸、温,肝、肾,补肾、壮阳、散结,阳痿、遗精、癥瘕、积聚、肾虚、咳喘、瘰疬、；痈肿疔疮
344,海马,甘、咸、温,肝、肾,壮阳、散结、消肿,阳痿、遗精、肾虚、尿频、遗尿、癥瘕、积聚、；痈肿疔疮
345,鹿衔草,甘、苦、温,肝、肾,祛风、除湿、止血,风湿、痹痛、筋骨、酸软、腰膝、无力、虚劳、咯血、月经
346,麝香,辛、温,心、脾,开窍、活血、散结、止痛,中风、痰厥、惊痫、心腹、跌打、损伤、痈疽、肿毒
347,冰片,辛、苦、微寒,心、脾、肺,开窍、清热、止痛,热病、神昏、痰厥、中恶昏迷、疮疡、肿毒、目赤、肿痛、口疮、喉痹
348,苏合香,辛、温,心、脾,开窍、辟秽、豁痰、止痛,中风、痰厥、中恶昏迷、惊痫、脘腹、冷痛、胸痹、心痛
349,石菖蒲,辛、苦、温,心、胃,开窍、豁痰、化湿、和胃,癫狂、痰厥、热病、神昏、健忘、脘腹
350,安息香,辛、苦、温,心、肝、脾,开窍、辟秽、豁痰、行气、活血、止痛,中风、痰厥、中恶昏迷、猝然惊痫昏迷、心腹、疼痛、产后、风痹腰痛等
351,樟脑,辛、热,有小毒,辟秽、杀虫、止痛,中恶猝然昏倒、热病、神昏、寒湿、心腹、胀痛、脚气；疮疡疥癣、牙痛、跌打、损伤
352,蟾酥,辛、凉、有毒,心、肝、脾、肺,解毒散结；消积利水；杀虫,痢疽；疔疮；；瘰疬；恶疮；症瘕癖积；膨胀；水肿；小儿疳积；破伤风；慢性咳喘
353,天南星,苦、辛、温,有毒,燥湿、化痰、祛风、止痉、散结、消肿,咳嗽、眩晕、中风
354,白附子,辛、甘温,有毒,燥湿、化痰、祛风、止痉、解毒、散结,中风、痰厥、头痛、头痛
355,白芥子,辛、温,肺,祛痰、散结、通络、止痛,咳喘、胁痛、肢体痹痛麻木、阴疽、肿毒
356,皂荚,辛、温,有小毒,祛痰、止咳、开窍、消肿、杀虫,咳喘、喉痹、中风、癫痫、便秘及痈肿
357,旋覆花,苦、辛、咸、微温,肺、脾、胃、大肠,消痰、止呕,咳喘、痰多、痞满、呕吐、噫气
358,白前,辛、甘、微温,肺,祛痰止咳,咳嗽、痰多
359,石决明,咸、寒,肝,平肝、潜阳、清热、明目,头痛、眩晕、耳鸣、目赤、肿痛
360,珍珠母,咸、寒,肝、心,平肝、潜阳、清肝、明目,头痛、眩晕、失眠、癫狂、惊痫
361,牡蛎,咸、寒,肝、肾,安神、平肝、潜阳、软坚、散结、收敛,惊悸、失眠、眩晕、耳鸣
362,紫贝齿,咸、平,肝,镇惊、安神、清肝、明目,惊痫、抽搐、心烦、眩晕、头痛
363,代赭石,苦、寒,肝、心,平肝、潜阳、降逆、止血,头痛、眩晕、耳鸣、呕吐、噫气、呃逆、吐血、衄血、崩漏、下血
364,决明子,苦、甘、咸、微寒,肝、大肠,清肝、明目、润肠、通便,头痛、眩晕、目赤、肿痛、大便
365,刺蒺藜,苦、辛、平,肝,平肝、解郁、疏散、风热、活血、明目、止痒,头痛、眩晕、胸胁、胀痛
366,罗布麻,苦、甘、凉,肝、心,平肝、清热、利尿,之眩晕头痛、失眠、咳嗽、水肿、小便、不利、病
367,穞豆衣,甘、平,肝、肾,养血、平肝,血虚、头晕头痛、阴虚
368,羚羊角,咸、寒,肝、心,平肝、息风、清肝、明目、清热、解毒,肝风内动、惊痫、抽搐、妊娠、癫痫、头痛、眩晕、目赤、发斑、痈肿、疮毒
369,山羊角,咸、微寒,肝,平肝、镇惊、清热、化瘀,眩晕、头痛、小儿惊风抽搐、目赤、腹痛
370,钩藤,甘、微寒,肝、心包,清热、平肝、定惊,头痛、眩晕、惊痫、抽搐、妊娠、病
371,天麻,甘、平,肝,息风、止痉、平肝、潜阳,肝风内动、惊痫、抽搐、眩晕、头痛、风湿、痹痛、肢体、麻木、不遂、小儿惊痫动风
372,地龙,咸、寒,肝、脾、膀胱,清热、息风、通络、利尿,惊痫、抽搐、肺热、喘咳、痹痛、不遂、疮疡、肿毒
373,全蝎,辛、平,有毒,止痉、攻毒、散结、通络、止痛,小儿、惊风、抽搐、中风、不遂
374,蜈蚣,辛、平；有毒,肝,息风、止痉、解毒、散结、通络、止痛,肝风内动、抽搐、小儿、惊风、不遂、破伤风、风湿、头痛
375,白僵蚕,咸、辛、平,肝、肺,止痉、祛风、止痛、化痰、散结,惊痫、抽搐、中风、头痛、咽痛、喉痹、瘰疬、痰核、皮肤、瘙痒
376,玳瑁,甘、咸、寒,心、肝,平肝、定惊、清热、解毒,热病惊狂、惊风、抽搐、中风、眩晕、痈肿、疔疮
377,马宝,甘、咸、微苦、凉,心、肝,镇惊、化痰、清热、解毒,小儿惊痫抽搐、癫狂、神昏、心烦、失眠、咳嗽、恶疮、肿毒
378,壁虎,咸、寒,有小毒,祛风、定惊、散结、解毒,风湿剧痛、中风手足不遂、破伤风、惊痫、瘰疬、恶疮
379,蛇蜕,甘、咸、平,肝,祛风、止痉、明目、杀虫、解毒,惊痫、破伤风、喉痹、肿痛、疥癣、瘙痒
380,麻黄根,甘、平,心、肺,,自汗、盗汗、证
381,浮小麦,甘、凉,心,益气,骨蒸、劳热、自汗、盗汗
382,糯稻根,甘、平,肺、胃,敛汗、退、益胃、生津,自汗、阴虚、盗汗、胃弱等
383,五味子,酸、温,肺、肾、心,敛肺、生津、敛汗、涩精、止泻、安神,肺虚、喘咳、自汗、盗汗、滑精、久泻、久痢
384,五倍子,酸、涩、寒,肺、大肠、肾,敛肺、涩肠、固精、敛汗、生津、止血、敛疮,肺虚、肺热、久泻、久痢、遗精、滑泄、盗汗
385,罂粟壳,酸、涩、平,有小毒,敛肺、涩肠、固精、止痛,久泻、久痢、脱肛、便血、崩漏、带下、遗精、滑泄、心腹等
386,诃子,苦、酸、涩、平,肺、大肠,涩肠、敛肺、利咽,久泻、久痢、便血、脱肛、肺虚、喘咳、咽痛
387,石榴皮,酸、涩、温,大肠、胃,涩肠、止泻、杀虫、收敛、止血,久泻、久痢、虫积、腹痛、崩漏、便血
388,肉豆蔻,辛、温,脾、胃、大肠,温中、行气、涩肠、止泻,久泻、久痢、脘腹、胀痛、食少、呕吐、食积、不消
389,赤石脂,甘、酸、涩、温,胃、大肠,涩肠、止血、生肌、敛疮,久泻、久痢、大便、出血、崩漏、带下
390,禹余粮,甘、涩、平,脾、胃、大肠,涩肠、止泻、收敛、止血、止带,久泻、久痢、便血、崩漏、带下
391,山茱萸,酸、涩、微温,肝、肾,补益肝肾、收敛,眩晕、耳鸣、腰膝、酸痛、阳痿、遗精、遗尿、尿频、崩漏、带下
392,覆盆子,酸、涩、平,肾、膀胱,补肾、固精、缩尿、明目,肾虚、遗尿、尿频、阳痿、遗精、滑精
393,金樱子,酸、涩、平,肾、膀胱、大肠,固精、缩尿、涩肠、止泻,遗精、滑精、遗尿、尿频、崩漏、带下、久泻、久痢、脱肛、子宫脱垂
394,芡实,甘、涩、平,脾、肾,固精、止泻、止带,滑精、遗尿、尿频、脾虚、久泻、白浊、带下
395,莲须,甘、涩、平,心、肾,涩精,滑泄、尿频、遗尿、带下
396,益智仁,辛、温,脾、肾,温脾止泻摄唾、固精缩尿,泄泻、冷痛、肾虚、遗尿、小便、遗精、白浊
397,桑螵蛸,甘、咸、平,肝、肾,补肾、助阳、固精、缩尿,遗精、滑精、遗尿、尿频、小便、白浊
398,海螵蛸,咸、涩、微温,胃、肝、肾,收敛、止血、固精、止带、敛疮,吐血、衄血、崩漏、便血、遗精、滑精、赤白、带下、胃痛
399,莲子,甘、涩、平,脾、肾、心,止泻、止带、涩精、安神,脾虚、泄泻、带下、遗精、心悸、失眠
400,碧桃干,苦、酸、平,心、肾,敛汗、涩精、止血,自汗、盗汗、遗精、劳嗽、吐血、妊娠、下血
401,乌梅,酸、涩、平,肝、脾、肺、大肠,敛肺、涩肠、生津,肺虚、久痢、消渴、蛔厥呕吐腹痛、便血、崩漏
402,没食子,苦、涩、温,大肠、肾、肺,涩肠、固精、敛肺、止血,久泻、久痢、滑泄、咳嗽、咯血、便血、疮疡
403,椿白皮,苦、涩、微寒,胃、大肠,清热、燥湿、涩肠、止泻、收敛、止血,久泻、久痢、月经、崩漏、带下、肠风便血等
404,橡实,苦、涩、微温,脾、大肠,涩肠、止血、解毒,泻痢、脱肛、小儿、疝气、痔血、便血、久溃
405,硫磺,酸、温,有毒,壮阳、解毒、杀虫、主治阳痿遗精、尿频、带下、虚寒、泻痢、大便,疥癣、阴疽、恶疮
406,雄黄,辛、温,有毒,解毒、杀虫、燥湿、祛痰、截疟,痈肿、疔疮、虫积、腹痛、惊痫、疟疾
407,砒石,辛、大热,有大毒,祛痰、截疟,内服、疟疾；外用溃疡腐肉不脱、瘰疬、牙疳、痔疮
408,轻粉,辛、寒,有毒,祛痰、消积、逐水通便；外用杀虫、攻毒、敛疮,积滞、水肿、鼓胀、二便不利；疥疮、顽癣、疮疡、湿疹
409,铅丹,辛、寒,有毒,镇惊、杀虫、消积、解毒、生肌、敛疮,内服治惊痫癫狂、疟疾；外用痈疽、溃疡、出血、口疮、目赤、烫伤
410,炉甘石,甘、平,肝、胃,清热明目去翳、止痒敛疮,目赤、溃疡、皮肤、瘙痒
411,硼砂,甘、咸、凉,肺、胃,清热、消痰、解毒、软坚、散结,内服肺嗽、痰多、噎膈、咽喉骨哽；外用、口舌生疮、目赤
412,白矾,酸、涩、寒,肺、脾、肝、大肠,解毒、杀虫、止痒、止血、止泻、清热、消痰,内服泻痢、吐衄、下血、崩漏、阴痒、带下、癫痫；外用痈疽肿毒、湿疹、疥癣
413,绿矾,酸、涩、凉,脾、肝,燥湿、化痰、消积、杀虫、止血、解毒、敛疮,胀满
414,毛莨,辛、温,有毒,有强烈皮肤刺激作用、多作发泡药,疟疾、黄疸、风湿、痹痛、偏头痛、胃痛
415,斑蝥,辛、热,有大毒,破血、攻毒,癥瘕、癌肿、顽癣、瘰疬、赘疣、痈疽、恶疮
416,蛇床子,辛、苦、温,有小毒,壮阳、燥湿、止痒、杀虫,阳痿、宫冷、不孕、寒湿、带下、湿痹、腰痛
417,露蜂房,甘、平,有毒,消肿、祛风、止痛、杀虫、止痒,痈疽、肿毒、瘰疬、恶疮、牙痛、风湿、痹痛、皮肤、顽癣、瘙痒
418,木芙蓉叶,微辛、微苦、微寒,肺、肝,清热、解毒、消肿、排脓、散瘀、止痛,肿毒、目赤、肿毒、等
419,血竭,甘、咸、平,心、肝,散瘀、止血、生肌,跌打、损伤、瘀血、肿痛、外伤、出血、溃疡
420,木槿皮,甘、苦、温,有小毒,解毒、除湿、杀虫、止痒,皮肤、疥癣、带下、泻痢、肿痛
421,儿茶,苦、涩、寒,肺、脾、心,收敛、止血、敛疮、生肌、止痛、清热、化痰,吐血、衄血、尿血、血痢、溃疡、咳嗽、牙疳、口疮、跌仆、外伤、出血
422,松花粉,甘、温,肝、脾,祛风、止血,湿疹、皮肤、尿布性皮炎、及眩晕、溃疡
423,密陀僧,咸、辛、平,有毒,燥湿、杀虫、敛疮,湿疹、疥癣、阴痒、牙疳、口疮、肿毒、痔疮、溃疡久不收口等
424,硇砂,咸、苦、辛、温,有毒,消积、软坚、化痰,噎膈、反胃、喉痹痰饮；治痈疽、瘰疬
425,蓖麻子,甘、辛、平,有小毒,消肿、祛风、通络、通便,痈疽、肿毒、疔疮、瘰疬、喉痹、疥癣、水肿、大便
426,象皮,甘、咸、平,外用、研末敷或调敷、亦可制成膏剂敷贴,止血、敛疮,出血、溃疡久不收口
